[{"sl":2,"title":"Superman","gender":"male","firstname":"Clark","lastname":"Kent","city":"Metropolis","ticketprice":178.67,"poster":"images/superman.jpg"},{"sl":3,"title":"Ironman","gender":"male","firstname":"Tony","lastname":"Stark","city":"New York","ticketprice":122.9,"poster":"images/ironman.jpg"},{"sl":4,"title":"Phantom","gender":"male","firstname":"Kit","lastname":"Walker","city":"Bhangala","ticketprice":98.64,"poster":"images/phantom.jpg"},{"sl":5,"title":"Spiderman","gender":"male","firstname":"Peter","lastname":"Parker","city":"New York","ticketprice":451.34,"poster":"images/spiderman.jpg"},{"sl":6,"title":"Batman","gender":"male","firstname":"Bruce","lastname":"Wayne","city":"Gotham","ticketprice":"123.77","poster":"images/batman.jpg"}]